<step title="Incoming Request" date="2025-02-04T21:37:34.722" instance="c22a62" url="/api/zipdeploy?isAsync=true" method="POST" type="request" pid="87,1,7" Accept="*/*" Host="fastapi-app-strokepred.scm.azurewebsites.net" User-Agent="AZURECLI/2.64.0 (PIP)" Accept-Encoding="gzip, deflate, br" Authorization="Bas..." Cache-Control="no-cache" Content-Type="application/octet-stream" Content-Length="446812" x-ms-client-request-id="b54e0a92-e33f-11ef-99a4-7c1e52508a07" x-ms-artifact-checksum="03e10b97a48455f5b43d7e2c03f26c2c67f386b510d3242617af7f71e41e3897" X-ARR-LOG-ID="b54e0a92-e33f-11ef-99a4-7c1e52508a07" CLIENT-IP="52.232.66.138:36058" X-SITE-DEPLOYMENT-ID="fastapi-app-strokepred" WAS-DEFAULT-HOSTNAME="fastapi-app-strokepred.scm.azurewebsites.net" X-Forwarded-Proto="https" X-AppService-Proto="https" X-Forwarded-TlsVersion="1.3" X-WAWS-Unencoded-URL="/api/zipdeploy?isAsync=true" X-Client-IP="52.232.66.138" X-Client-Port="36058" >
  <step title="ZipPushDeploy" date="2025-02-04T21:37:35.209" >
    <step title="ZipDeploy. Extract zip. Remote build." date="2025-02-04T21:37:35.230" /><!-- duration: 7ms -->
    <step title="None repository commit" date="2025-02-04T21:37:35.269" >
      <step title="Commit id: e94551e8-5b4e-44c3-9bdf-4a771cef8775" date="2025-02-04T21:37:35.276" Message="N/A" AuthorName="N/A" AuthorEmail="N/A" /><!-- duration: 7ms -->
    </step><!-- duration: 19ms -->
    <step title="Starting PushDeployAsync" date="2025-02-04T21:37:35.295" /><!-- duration: 8ms -->
    <step title="Writing artifact to /tmp/zipdeploy/004cf774-7b1c-4421-981a-7af35350f203.zip" date="2025-02-04T21:37:35.347" >
      <step title="Writing request body to artifacts at /tmp/zipdeploy/004cf774-7b1c-4421-981a-7af35350f203.zip" date="2025-02-04T21:37:35.361" /><!-- duration: 7ms -->
    </step><!-- duration: 75ms -->
    <step title="Start deployment in the background" date="2025-02-04T21:37:35.445" >
      <step title="Acquiring Deployment Lock" date="2025-02-04T21:37:35.481" /><!-- duration: 7ms -->
      <step title="Acquired Deployment Lock" date="2025-02-04T21:37:35.548" /><!-- duration: 6ms -->
    </step><!-- duration: 243ms -->
  </step><!-- duration: 495ms -->
  <step title="Outgoing response" date="2025-02-04T21:37:35.756" type="response" statusCode="202" statusText="Accepted" /><!-- duration: 23ms -->
</step><!-- duration: 1064ms -->
