<step title="BackgroundTrace" date="2025-02-04T21:37:35.453" instance="c22a62" url="/api/zipdeploy" method="POST" >
  <step title="Creating temporary deployment - FetchDeploymentManager" date="2025-02-04T21:37:35.561" /><!-- duration: 7ms -->
  <step title="Creating temporary deployment" date="2025-02-04T21:37:35.576" /><!-- duration: 102ms -->
  <step title="Performing fetch based deployment" date="2025-02-04T21:37:35.882" >
    <step title="Cleaning up temp folders from previous zip deployments and extracting pushed zip file /tmp/zipdeploy/004cf774-7b1c-4421-981a-7af35350f203.zip (0.43 MB) to /tmp/zipdeploy/extracted" date="2025-02-04T21:37:37.143" >
      <step title="ChmodRecursive Process exited with total time taken in ms: 727" date="2025-02-04T21:37:38.181" /><!-- duration: 20ms -->
    </step><!-- duration: 1068ms -->
    <step title="Deployment timer started" date="2025-02-04T21:37:40.253" >
      <step title="DeploymentManager.Deploy(id:e94551e8-5b4e-44c3-9bdf-4a771cef8775)" date="2025-02-04T21:37:40.267" >
        <step title="Collecting changeset information" date="2025-02-04T21:37:40.304" /><!-- duration: 261ms -->
        <step title="Updating submodules" date="2025-02-04T21:37:40.626" /><!-- duration: 1180ms -->
        <step title="Determining deployment builder" date="2025-02-04T21:37:42.069" >
          <step title="Builder is OryxBuilder" date="2025-02-04T21:37:42.091" /><!-- duration: 6ms -->
        </step><!-- duration: 38ms -->
        <step title="PreDeployment: context.CleanOutputPath False" date="2025-02-04T21:37:42.164" >
          <step title="PreDeployment: context.OutputPath /home/site/wwwroot" date="2025-02-04T21:37:42.338" >
            <step title="Building" date="2025-02-04T21:37:42.852" >
              <step title="Executing external process" date="2025-02-04T21:37:43.245" type="process" path="bash" arguments="-c &quot;oryx build /tmp/zipdeploy/extracted -o /home/site/wwwroot --platform python --platform-version 3.8 -p virtualenv_name=antenv --log-file /tmp/build-debug.log  -i /tmp/8dd456427ac8020 --compress-destination-dir | tee /tmp/oryx-build.log ; exit $PIPESTATUS &quot;" /><!-- duration: 38907ms -->
              <step title="Using PythonDeploymentLogParser" date="2025-02-04T21:38:22.581" /><!-- duration: 5ms -->
              <step title="Triggering recycle (preview mode disabled)." date="2025-02-04T21:38:24.117" /><!-- duration: 14ms -->
              <step title="Modified file to trigger a restart of the app container." date="2025-02-04T21:38:24.167" /><!-- duration: 9ms -->
              <step title="Skip function trigger and logicapp sync because function is not enabled." date="2025-02-04T21:38:24.194" /><!-- duration: 7ms -->
            </step><!-- duration: 42066ms -->
          </step><!-- duration: 42589ms -->
          <step title="Cleaning up temp files" date="2025-02-04T21:38:24.933" /><!-- duration: 78ms -->
          <step title="Cleaning up temp files" date="2025-02-04T21:38:25.017" /><!-- duration: 509ms -->
          <step title="Reloading status file with latest updates" date="2025-02-04T21:38:25.575" >
            <step title="WebHooksManager.PublishEventAsync: PostDeployment" date="2025-02-04T21:38:25.581" /><!-- duration: 64ms -->
          </step><!-- duration: 77ms -->
          <step title="Cleaning up temporary deployment - fetch deployment was successful" date="2025-02-04T21:38:25.663" /><!-- duration: 6ms -->
        </step><!-- duration: 43610ms -->
      </step><!-- duration: 45540ms -->
