<step title="Incoming Request" date="2025-02-04T21:37:38.972" instance="c22a62" url="/api/deployments/latest" method="GET" type="request" pid="87,1,5" Accept="*/*" Host="fastapi-app-strokepred.scm.azurewebsites.net" User-Agent="AZURECLI/2.64.0 (PIP)" Accept-Encoding="gzip, deflate, br" Authorization="Bas..." x-ms-client-request-id="b54e0a92-e33f-11ef-99a4-7c1e52508a07" X-ARR-LOG-ID="b54e0a92-e33f-11ef-99a4-7c1e52508a07" CLIENT-IP="52.232.66.138:38342" X-SITE-DEPLOYMENT-ID="fastapi-app-strokepred" WAS-DEFAULT-HOSTNAME="fastapi-app-strokepred.scm.azurewebsites.net" X-Forwarded-Proto="https" X-AppService-Proto="https" X-Forwarded-TlsVersion="1.3" X-WAWS-Unencoded-URL="/api/deployments/latest" X-Client-IP="52.232.66.138" X-Client-Port="38342" >
  <step title="Cleanup Xml Logs" date="2025-02-04T21:37:38.978" /><!-- duration: 11ms -->
  <step title="DeploymentService.GetResult" date="2025-02-04T21:37:39.035" >
    <step title="DeploymentService.GetLatestDeployment" date="2025-02-04T21:37:39.041" >
      <step title="DeploymentManager.GetResults" date="2025-02-04T21:37:39.048" /><!-- duration: 349ms -->
      <step title="Deployment temp-6936df0a is Pending" date="2025-02-04T21:37:39.411" /><!-- duration: 7ms -->
    </step><!-- duration: 387ms -->
  </step><!-- duration: 403ms -->
  <step title="Outgoing response" date="2025-02-04T21:37:40.055" type="response" statusCode="202" statusText="Accepted" /><!-- duration: 7ms -->
</step><!-- duration: 1097ms -->
