<step title="Incoming Request" date="2025-02-04T21:37:42.209" instance="c22a62" url="/api/deployments/latest" method="GET" type="request" pid="87,1,17" Accept="*/*" Host="fastapi-app-strokepred.scm.azurewebsites.net" User-Agent="AZURECLI/2.64.0 (PIP)" Accept-Encoding="gzip, deflate, br" Authorization="Bas..." x-ms-client-request-id="b54e0a92-e33f-11ef-99a4-7c1e52508a07" X-ARR-LOG-ID="b54e0a92-e33f-11ef-99a4-7c1e52508a07" CLIENT-IP="52.232.66.138:38356" X-SITE-DEPLOYMENT-ID="fastapi-app-strokepred" WAS-DEFAULT-HOSTNAME="fastapi-app-strokepred.scm.azurewebsites.net" X-Forwarded-Proto="https" X-AppService-Proto="https" X-Forwarded-TlsVersion="1.3" X-WAWS-Unencoded-URL="/api/deployments/latest" X-Client-IP="52.232.66.138" X-Client-Port="38356" >
  <step title="Cleanup Xml Logs" date="2025-02-04T21:37:42.222" /><!-- duration: 54ms -->
  <step title="DeploymentService.GetResult" date="2025-02-04T21:37:42.297" >
    <step title="DeploymentService.GetLatestDeployment" date="2025-02-04T21:37:42.309" >
      <step title="DeploymentManager.GetResults" date="2025-02-04T21:37:42.322" /><!-- duration: 204ms -->
      <step title="Deployment e94551e8-5b4e-44c3-9bdf-4a771cef8775 is Building" date="2025-02-04T21:37:42.534" /><!-- duration: 8ms -->
    </step><!-- duration: 241ms -->
  </step><!-- duration: 261ms -->
  <step title="Outgoing response" date="2025-02-04T21:37:42.568" type="response" statusCode="202" statusText="Accepted" /><!-- duration: 11ms -->
</step><!-- duration: 387ms -->
