﻿<?xml version="1.0" encoding="utf-8"?>
<deployment>
  <id>e94551e8-5b4e-44c3-9bdf-4a771cef8775</id>
  <author>N/A</author>
  <deployer>Push-Deployer</deployer>
  <authorEmail>N/A</authorEmail>
  <message>Created via a push deployment</message>
  <progress></progress>
  <status>Success</status>
  <statusText></statusText>
  <lastSuccessEndTime>2025-02-04T21:38:24.6101572Z</lastSuccessEndTime>
  <receivedTime>2025-02-04T21:37:40.5035667Z</receivedTime>
  <startTime>2025-02-04T21:37:42.0021998Z</startTime>
  <endTime>2025-02-04T21:38:24.6101572Z</endTime>
  <complete>True</complete>
  <is_temp>False</is_temp>
  <is_readonly>True</is_readonly>
  <buildSummary />
</deployment>